STOCK,CODE
AIAENG,AIAENG.NS
AMBER,AMBER.NS
ANGELONE,ANGELONE.NS
APLAPOLLO,APLAPOLLO.NS
APOLLOTYRE,APOLLOTYRE.NS
BAJAJHLDNG,BAJAJHLDNG.NS
BBTC,BBTC.NS
BSE,BSE.NS
CHOLAFIN,CHOLAFIN.NS
COROMANDEL,COROMANDEL.NS
DRREDDY,DRREDDY.NS
ENDURANCE,ENDURANCE.NS
EQUITASBNK,EQUITASBNK.NS
ERIS,ERIS.NS
FDC,FDC.NS
FINCABLES,FINCABLES.NS
ITC,ITC.NS
JSWENERGY,JSWENERGY.NS
KFINTECH,KFINTECH.NS
LINDEINDIA,LINDEINDIA.NS
MAZDOCK,MAZDOCK.NS
MTARTECH,MTARTECH.NS
OBEROIRLTY,OBEROIRLTY.NS
RELIANCE,RELIANCE.NS
SUVENPHAR,SUVENPHAR.NS
TANLA,TANLA.NS
TATACOMM,TATACOMM.NS
TEJASNET,TEJASNET.NS
UBL,UBL.NS
VBL,VBL.NS